
CREATE TABLE "DUMMY_EMPLOYEES"
(
 "EMPLOYEE_ID" NUMBER(6,0) CONSTRAINT "EMPLOYEE_ID" NOT NULL ENABLE,
"FIRST_NAME" VARCHAR2(20),
"LAST_NAME" VARCHAR2(25) ,
"EMAIL" VARCHAR2(25) ,
"PHONE_NUMBER" VARCHAR2(20),
"HIRE_DATE" DATE ,
"JOB_ID" VARCHAR2(10),
"SALARY" NUMBER(8,2),
"COMMISSION_PCT" NUMBER(2,2),
"MANAGER_ID" NUMBER(6,0),
"DEPARTMENT_ID" NUMBER(4,0),
 CONSTRAINT "TST_EMP_EMP_ID_PK" PRIMARY KEY ("EMPLOYEE_ID")
);


INSERT INTO DUMMY_EMPLOYEES
(EMPLOYEE_ID, FIRST_NAME, LAST_NAME, EMAIL, PHONE_NUMBER, HIRE_DATE, JOB_ID, SALARY, COMMISSION_PCT, MANAGER_ID, DEPARTMENT_ID)
VALUES(100, 'Steven', 'King', 'SKING', '515.123.4567', TIMESTAMP '2003-06-17 00:00:00.000000', 'AD_PRES', 24000, NULL, NULL, 90);
INSERT INTO DUMMY_EMPLOYEES
(EMPLOYEE_ID, FIRST_NAME, LAST_NAME, EMAIL, PHONE_NUMBER, HIRE_DATE, JOB_ID, SALARY, COMMISSION_PCT, MANAGER_ID, DEPARTMENT_ID)
VALUES(101, 'Neena', 'Kochhar', 'NKOCHHAR', '515.123.4568', TIMESTAMP '2005-09-21 00:00:00.000000', 'AD_VP', 17000, NULL, 100, 90);
INSERT INTO DUMMY_EMPLOYEES
(EMPLOYEE_ID, FIRST_NAME, LAST_NAME, EMAIL, PHONE_NUMBER, HIRE_DATE, JOB_ID, SALARY, COMMISSION_PCT, MANAGER_ID, DEPARTMENT_ID)
VALUES(102, 'Lex', 'De Haan', 'LDEHAAN', '515.123.4569', TIMESTAMP '2001-01-13 00:00:00.000000', 'AD_VP', 17000, NULL, 100, 90);
INSERT INTO DUMMY_EMPLOYEES
(EMPLOYEE_ID, FIRST_NAME, LAST_NAME, EMAIL, PHONE_NUMBER, HIRE_DATE, JOB_ID, SALARY, COMMISSION_PCT, MANAGER_ID, DEPARTMENT_ID)
VALUES(103, 'Alexander', 'Hunold', 'AHUNOLD', '590.423.4567', TIMESTAMP '2006-01-03 00:00:00.000000', 'IT_PROG', 9000, NULL, 102, 60);
INSERT INTO DUMMY_EMPLOYEES
(EMPLOYEE_ID, FIRST_NAME, LAST_NAME, EMAIL, PHONE_NUMBER, HIRE_DATE, JOB_ID, SALARY, COMMISSION_PCT, MANAGER_ID, DEPARTMENT_ID)
VALUES(104, 'Bruce', 'Ernst', 'BERNST', '590.423.4568', TIMESTAMP '2007-05-21 00:00:00.000000', 'IT_PROG', 6000, NULL, 103, 60);
INSERT INTO DUMMY_EMPLOYEES
(EMPLOYEE_ID, FIRST_NAME, LAST_NAME, EMAIL, PHONE_NUMBER, HIRE_DATE, JOB_ID, SALARY, COMMISSION_PCT, MANAGER_ID, DEPARTMENT_ID)
VALUES(105, 'David', 'Austin', 'DAUSTIN', '590.423.4569', TIMESTAMP '2005-06-25 00:00:00.000000', 'IT_PROG', 4800, NULL, 103, 60);
INSERT INTO DUMMY_EMPLOYEES
(EMPLOYEE_ID, FIRST_NAME, LAST_NAME, EMAIL, PHONE_NUMBER, HIRE_DATE, JOB_ID, SALARY, COMMISSION_PCT, MANAGER_ID, DEPARTMENT_ID)
VALUES(106, 'Valli', 'Pataballa', 'VPATABAL', '590.423.4560', TIMESTAMP '2006-02-05 00:00:00.000000', 'IT_PROG', 4800, NULL, 103, 60);
INSERT INTO DUMMY_EMPLOYEES
(EMPLOYEE_ID, FIRST_NAME, LAST_NAME, EMAIL, PHONE_NUMBER, HIRE_DATE, JOB_ID, SALARY, COMMISSION_PCT, MANAGER_ID, DEPARTMENT_ID)
VALUES(107, 'Diana', 'Lorentz', 'DLORENTZ', '590.423.5567', TIMESTAMP '2007-02-07 00:00:00.000000', 'IT_PROG', 4200, NULL, 103, 60);
INSERT INTO DUMMY_EMPLOYEES
(EMPLOYEE_ID, FIRST_NAME, LAST_NAME, EMAIL, PHONE_NUMBER, HIRE_DATE, JOB_ID, SALARY, COMMISSION_PCT, MANAGER_ID, DEPARTMENT_ID)
VALUES(108, 'Nancy', 'Greenberg', 'NGREENBE', '515.124.4569', TIMESTAMP '2002-08-17 00:00:00.000000', 'FI_MGR', 12008, NULL, 101, 100);
INSERT INTO DUMMY_EMPLOYEES
(EMPLOYEE_ID, FIRST_NAME, LAST_NAME, EMAIL, PHONE_NUMBER, HIRE_DATE, JOB_ID, SALARY, COMMISSION_PCT, MANAGER_ID, DEPARTMENT_ID)
VALUES(109, 'Daniel', 'Faviet', 'DFAVIET', '515.124.4169', TIMESTAMP '2002-08-16 00:00:00.000000', 'FI_ACCOUNT', 9000, NULL, 108, 100);
INSERT INTO DUMMY_EMPLOYEES
(EMPLOYEE_ID, FIRST_NAME, LAST_NAME, EMAIL, PHONE_NUMBER, HIRE_DATE, JOB_ID, SALARY, COMMISSION_PCT, MANAGER_ID, DEPARTMENT_ID)
VALUES(110, 'John', 'Chen', 'JCHEN', '515.124.4269', TIMESTAMP '2005-09-28 00:00:00.000000', 'FI_ACCOUNT', 8200, NULL, 108, 100);
INSERT INTO DUMMY_EMPLOYEES
(EMPLOYEE_ID, FIRST_NAME, LAST_NAME, EMAIL, PHONE_NUMBER, HIRE_DATE, JOB_ID, SALARY, COMMISSION_PCT, MANAGER_ID, DEPARTMENT_ID)
VALUES(111, 'Ismael', 'Sciarra', 'ISCIARRA', '515.124.4369', TIMESTAMP '2005-09-30 00:00:00.000000', 'FI_ACCOUNT', 7700, NULL, 108, 100);
INSERT INTO DUMMY_EMPLOYEES
(EMPLOYEE_ID, FIRST_NAME, LAST_NAME, EMAIL, PHONE_NUMBER, HIRE_DATE, JOB_ID, SALARY, COMMISSION_PCT, MANAGER_ID, DEPARTMENT_ID)
VALUES(112, 'Jose Manuel', 'Urman', 'JMURMAN', '515.124.4469', TIMESTAMP '2006-03-07 00:00:00.000000', 'FI_ACCOUNT', 7800, NULL, 108, 100);
INSERT INTO DUMMY_EMPLOYEES
(EMPLOYEE_ID, FIRST_NAME, LAST_NAME, EMAIL, PHONE_NUMBER, HIRE_DATE, JOB_ID, SALARY, COMMISSION_PCT, MANAGER_ID, DEPARTMENT_ID)
VALUES(113, 'Luis', 'Popp', 'LPOPP', '515.124.4567', TIMESTAMP '2007-12-07 00:00:00.000000', 'FI_ACCOUNT', 6900, NULL, 108, 100);
INSERT INTO DUMMY_EMPLOYEES
(EMPLOYEE_ID, FIRST_NAME, LAST_NAME, EMAIL, PHONE_NUMBER, HIRE_DATE, JOB_ID, SALARY, COMMISSION_PCT, MANAGER_ID, DEPARTMENT_ID)
VALUES(114, 'Den', 'Raphaely', 'DRAPHEAL', '515.127.4561', TIMESTAMP '2002-12-07 00:00:00.000000', 'PU_MAN', 11000, NULL, 100, 30);




CREATE TABLE "DUMMY_JOBS"
(
 "JOB_ID" VARCHAR2(10) CONSTRAINT "JOB_ID" NOT NULL ENABLE,
"JOB_TITLE" VARCHAR2(35) ,
"MIN_SALARY" NUMBER(6,0),
"MAX_SALARY" NUMBER(6,0),
 CONSTRAINT "TEST_JOB_ID_PK" PRIMARY KEY ("JOB_ID")
) ;


INSERT INTO DUMMY_JOBS
(JOB_ID, JOB_TITLE, MIN_SALARY, MAX_SALARY)
VALUES('AC_ACCOUNT', 'Public Accountant', 4200, 9000);
INSERT INTO DUMMY_JOBS
(JOB_ID, JOB_TITLE, MIN_SALARY, MAX_SALARY)
VALUES('AC_MGR', 'Accounting Manager', 8200, 16000);
INSERT INTO DUMMY_JOBS
(JOB_ID, JOB_TITLE, MIN_SALARY, MAX_SALARY)
VALUES('AD_ASST', 'Administration Assistant', 3000, 6000);
INSERT INTO DUMMY_JOBS
(JOB_ID, JOB_TITLE, MIN_SALARY, MAX_SALARY)
VALUES('AD_PRES', 'President', 20080, 40000);
INSERT INTO DUMMY_JOBS
(JOB_ID, JOB_TITLE, MIN_SALARY, MAX_SALARY)
VALUES('AD_VP', 'Administration Vice President', 15000, 30000);
INSERT INTO DUMMY_JOBS
(JOB_ID, JOB_TITLE, MIN_SALARY, MAX_SALARY)
VALUES('FI_ACCOUNT', 'Accountant', 4200, 9000);
INSERT INTO DUMMY_JOBS
(JOB_ID, JOB_TITLE, MIN_SALARY, MAX_SALARY)
VALUES('FI_MGR', 'Finance Manager', 8200, 16000);
INSERT INTO DUMMY_JOBS
(JOB_ID, JOB_TITLE, MIN_SALARY, MAX_SALARY)
VALUES('HR_REP', 'Human Resources Representative', 4000, 9000);
INSERT INTO DUMMY_JOBS
(JOB_ID, JOB_TITLE, MIN_SALARY, MAX_SALARY)
VALUES('IT_PROG', 'Programmer', 4000, 10000);
INSERT INTO DUMMY_JOBS
(JOB_ID, JOB_TITLE, MIN_SALARY, MAX_SALARY)
VALUES('MK_MAN', 'Marketing Manager', 9000, 15000);
INSERT INTO DUMMY_JOBS
(JOB_ID, JOB_TITLE, MIN_SALARY, MAX_SALARY)
VALUES('MK_REP', 'Marketing Representative', 4000, 9000);
INSERT INTO DUMMY_JOBS
(JOB_ID, JOB_TITLE, MIN_SALARY, MAX_SALARY)
VALUES('PR_REP', 'Public Relations Representative', 4500, 10500);
INSERT INTO DUMMY_JOBS
(JOB_ID, JOB_TITLE, MIN_SALARY, MAX_SALARY)
VALUES('PU_CLERK', 'Purchasing Clerk', 2500, 5500);
INSERT INTO DUMMY_JOBS
(JOB_ID, JOB_TITLE, MIN_SALARY, MAX_SALARY)
VALUES('PU_MAN', 'Purchasing Manager', 8000, 15000);
INSERT INTO DUMMY_JOBS
(JOB_ID, JOB_TITLE, MIN_SALARY, MAX_SALARY)
VALUES('SA_MAN', 'Sales Manager', 10000, 20080);
INSERT INTO DUMMY_JOBS
(JOB_ID, JOB_TITLE, MIN_SALARY, MAX_SALARY)
VALUES('SA_REP', 'Sales Representative', 6000, 12008);
INSERT INTO DUMMY_JOBS
(JOB_ID, JOB_TITLE, MIN_SALARY, MAX_SALARY)
VALUES('SH_CLERK', 'Shipping Clerk', 2500, 5500);
INSERT INTO DUMMY_JOBS
(JOB_ID, JOB_TITLE, MIN_SALARY, MAX_SALARY)
VALUES('ST_CLERK', 'Stock Clerk', 2008, 5000);
INSERT INTO DUMMY_JOBS
(JOB_ID, JOB_TITLE, MIN_SALARY, MAX_SALARY)
VALUES('ST_MAN', 'Stock Manager', 5500, 8500);


CREATE TABLE DUMMY_DEPARTMENTS"
(
    "DEPARTMENT_ID" NUMBER(4,0) CONSTRAINT "DEPARTMENT_ID" NOT NULL ENABLE ,
	"DEPARTMENT_NAME" VARCHAR2(30),
	 CONSTRAINT "TEST_DEPT_ID_PK" PRIMARY KEY ("DEPARTMENT_ID")
);

INSERT INTO DUMMY_DEPARTMENTS
(DEPARTMENT_ID, DEPARTMENT_NAME)
VALUES(10, 'Administration');
INSERT INTO DUMMY_DEPARTMENTS
(DEPARTMENT_ID, DEPARTMENT_NAME)
VALUES(20, 'Marketing');
INSERT INTO DUMMY_DEPARTMENTS
(DEPARTMENT_ID, DEPARTMENT_NAME)
VALUES(30, 'Purchasing');
INSERT INTO DUMMY_DEPARTMENTS
(DEPARTMENT_ID, DEPARTMENT_NAME)
VALUES(40, 'Human Resources');
INSERT INTO DUMMY_DEPARTMENTS
(DEPARTMENT_ID, DEPARTMENT_NAME)
VALUES(50, 'Shipping');
INSERT INTO DUMMY_DEPARTMENTS
(DEPARTMENT_ID, DEPARTMENT_NAME)
VALUES(60, 'IT');
INSERT INTO DUMMY_DEPARTMENTS
(DEPARTMENT_ID, DEPARTMENT_NAME)
VALUES(70, 'Public Relations');
INSERT INTO DUMMY_DEPARTMENTS
(DEPARTMENT_ID, DEPARTMENT_NAME)
VALUES(80, 'Sales');
INSERT INTO DUMMY_DEPARTMENTS
(DEPARTMENT_ID, DEPARTMENT_NAME)
VALUES(90, 'Executive');
INSERT INTO DUMMY_DEPARTMENTS
(DEPARTMENT_ID, DEPARTMENT_NAME)
VALUES(100, 'Finance');
INSERT INTO DUMMY_DEPARTMENTS
(DEPARTMENT_ID, DEPARTMENT_NAME)
VALUES(110, 'Accounting');
INSERT INTO DUMMY_DEPARTMENTS
(DEPARTMENT_ID, DEPARTMENT_NAME)
VALUES(120, 'Treasury');
INSERT INTO DUMMY_DEPARTMENTS
(DEPARTMENT_ID, DEPARTMENT_NAME)
VALUES(130, 'Corporate Tax');
INSERT INTO DUMMY_DEPARTMENTS
(DEPARTMENT_ID, DEPARTMENT_NAME)
VALUES(140, 'Control And Credit');
INSERT INTO DUMMY_DEPARTMENTS
(DEPARTMENT_ID, DEPARTMENT_NAME)
VALUES(150, 'Shareholder Services');
INSERT INTO DUMMY_DEPARTMENTS
(DEPARTMENT_ID, DEPARTMENT_NAME)
VALUES(160, 'Benefits');
INSERT INTO DUMMY_DEPARTMENTS
(DEPARTMENT_ID, DEPARTMENT_NAME)
VALUES(170, 'Manufacturing');
INSERT INTO DUMMY_DEPARTMENTS
(DEPARTMENT_ID, DEPARTMENT_NAME)
VALUES(180, 'Construction');
INSERT INTO DUMMY_DEPARTMENTS
(DEPARTMENT_ID, DEPARTMENT_NAME)
VALUES(190, 'Contracting');
INSERT INTO DUMMY_DEPARTMENTS
(DEPARTMENT_ID, DEPARTMENT_NAME)
VALUES(200, 'Operations');
INSERT INTO DUMMY_DEPARTMENTS
(DEPARTMENT_ID, DEPARTMENT_NAME)
VALUES(210, 'IT Support');
INSERT INTO DUMMY_DEPARTMENTS
(DEPARTMENT_ID, DEPARTMENT_NAME)
VALUES(220, 'NOC');
INSERT INTO DUMMY_DEPARTMENTS
(DEPARTMENT_ID, DEPARTMENT_NAME)
VALUES(230, 'IT Helpdesk');
INSERT INTO DUMMY_DEPARTMENTS
(DEPARTMENT_ID, DEPARTMENT_NAME)
VALUES(240, 'Government Sales');
INSERT INTO DUMMY_DEPARTMENTS
(DEPARTMENT_ID, DEPARTMENT_NAME)
VALUES(250, 'Retail Sales');
INSERT INTO DUMMY_DEPARTMENTS
(DEPARTMENT_ID, DEPARTMENT_NAME)
VALUES(260, 'Recruiting');
INSERT INTO DUMMY_DEPARTMENTS
(DEPARTMENT_ID, DEPARTMENT_NAME)
VALUES(270, 'Payroll');
